[
    {
        "id": 1,
        "title": "Invention of the Printing Press",
        "description": "Johannes Gutenberg invents the printing press around 1440, revolutionizing how knowledge and ideas spread across Europe.",
        "year": 1440,
        "image": "https://upload.wikimedia.org/wikipedia/commons/0/0e/Gutenberg_Bible%2C_Lenox_Copy%2C_New_York_Public_Library%2C_2009._Pic_01.jpg",
        "lat": 49.9929,
        "lng": 8.2473
    },
    {
        "id": 2,
        "title": "Discovery of America",
        "description": "In 1492, Christopher Columbus embarks on his first voyage across the Atlantic and reaches the Americas, marking the beginning of the Age of Exploration.",
        "year": 1492,
        "image": "https://upload.wikimedia.org/wikipedia/commons/3/3c/Christopher_Columbus6.jpg",
        "lat": 25.0343,
        "lng": -77.3963
    },
    {
        "id": 3,
        "title": "French Revolution",
        "description": "The French Revolution begins in 1789, leading to the fall of the monarchy and major social and political upheavals in France.",
        "year": 1789,
        "image": "https://upload.wikimedia.org/wikipedia/commons/6/6f/Prise_de_la_Bastille.jpg",
        "lat": 48.8566,
        "lng": 2.3522
    },
    {
        "id": 4,
        "title": "Industrial Revolution",
        "description": "The Industrial Revolution starts in the late 18th century in Britain, transforming economies from agrarian to industrial through innovations in machinery and energy.",
        "year": 1800,
        "image": "https://upload.wikimedia.org/wikipedia/commons/6/6e/Powerloom_weaving_textile_factory_1835.png",
        "lat": 52.4862,
        "lng": -1.8904
    },
    {
        "id": 5,
        "title": "American Civil War",
        "description": "The American Civil War, fought from 1861 to 1865, determines the survival of the United States and leads to the abolition of slavery.",
        "year": 1861,
        "image": "https://upload.wikimedia.org/wikipedia/commons/5/5e/Battle_of_Antietam_by_Thulstrup.jpg",
        "lat": 38.9072,
        "lng": -77.0369
    },
    {
        "id": 6,
        "title": "First Powered Flight",
        "description": "On December 17, 1903, the Wright brothers achieve the first controlled, sustained flight of a powered aircraft in Kitty Hawk, North Carolina.",
        "year": 1903,
        "image": "https://upload.wikimedia.org/wikipedia/commons/a/a3/Wrightflyer.jpg",
        "lat": 36.064,
        "lng": -75.705
    },
    {
        "id": 7,
        "title": "World War I Begins",
        "description": "World War I starts in 1914 after the assassination of Archduke Franz Ferdinand, resulting in one of the deadliest conflicts in human history.",
        "year": 1914,
        "image": "https://upload.wikimedia.org/wikipedia/commons/3/3a/British_troops_in_trench.jpg",
        "lat": 48.8566,
        "lng": 2.3522
    },
    {
        "id": 8,
        "title": "Moon Landing",
        "description": "On July 20, 1969, Apollo 11 lands the first humans on the Moon, as Neil Armstrong takes his historic first step.",
        "year": 1969,
        "image": "https://upload.wikimedia.org/wikipedia/commons/9/9c/Aldrin_Apollo_11.jpg",
        "lat": 0.6741,
        "lng": 23.4729
    },
    {
        "id": 9,
        "title": "Fall of the Berlin Wall",
        "description": "In 1989, the Berlin Wall falls, ending decades of separation between East and West Berlin and symbolizing the end of the Cold War.",
        "year": 1989,
        "image": "https://upload.wikimedia.org/wikipedia/commons/d/d9/Berlin_Wall_Brandenburger_Tor.jpg",
        "lat": 52.520,
        "lng": 13.405
    },
    {
        "id": 10,
        "title": "Rise of the Internet",
        "description": "The 1990s mark the explosion of the World Wide Web, revolutionizing communication, commerce, and culture worldwide.",
        "year": 1990,
        "image": "https://upload.wikimedia.org/wikipedia/commons/5/55/WorldWideWeb_FSF_GNU.png",
        "lat": 37.386,
        "lng": -122.0838
    }
]